{
    "location": {
        "name": "Toronto",
        "region": "Ontario",
        "country": "Canada",
        "lat": 43.67,
        "lon": -79.42,
        "tz_id": "America/Toronto",
        "localtime_epoch": 1727199658,
        "localtime": "2024-09-24 13:40"
    },
    "current": {
        "last_updated_epoch": 1727199000,
        "last_updated": "2024-09-24 13:30",
        "temp_c": 19.2,
        "temp_f": 66.6,
        "is_day": 1,
        "condition": {
            "text": "Overcast",
            "icon": "//cdn.weatherapi.com/weather/64x64/day/122.png",
            "code": 1009
        },
        "wind_mph": 7.2,
        "wind_kph": 11.5,
        "wind_degree": 136,
        "wind_dir": "SE",
        "pressure_mb": 1013,
        "pressure_in": 29.92,
        "precip_mm": 0,
        "precip_in": 0,
        "humidity": 94,
        "cloud": 100,
        "feelslike_c": 19.2,
        "feelslike_f": 66.6,
        "windchill_c": 19.4,
        "windchill_f": 66.9,
        "heatindex_c": 19.4,
        "heatindex_f": 66.9,
        "dewpoint_c": 15.8,
        "dewpoint_f": 60.5,
        "vis_km": 14,
        "vis_miles": 8,
        "uv": 4,
        "gust_mph": 10,
        "gust_kph": 16.1
    },
    "forecast": {
        "forecastday": [
            {
                "date": "2024-09-24",
                "date_epoch": 1727136000,
                "day": {
                    "maxtemp_c": 19.5,
                    "maxtemp_f": 67.1,
                    "mintemp_c": 17.1,
                    "mintemp_f": 62.8,
                    "avgtemp_c": 18.1,
                    "avgtemp_f": 64.6,
                    "maxwind_mph": 11.9,
                    "maxwind_kph": 19.1,
                    "totalprecip_mm": 51.27,
                    "totalprecip_in": 2.02,
                    "totalsnow_cm": 0,
                    "avgvis_km": 9.2,
                    "avgvis_miles": 5,
                    "avghumidity": 92,
                    "daily_will_it_rain": 1,
                    "daily_chance_of_rain": 86,
                    "daily_will_it_snow": 0,
                    "daily_chance_of_snow": 0,
                    "condition": {
                        "text": "Heavy rain",
                        "icon": "//cdn.weatherapi.com/weather/64x64/day/308.png",
                        "code": 1195
                    },
                    "uv": 2
                },
                "astro": {
                    "sunrise": "07:08 AM",
                    "sunset": "07:10 PM",
                    "moonrise": "11:27 PM",
                    "moonset": "03:18 PM",
                    "moon_phase": "Last Quarter",
                    "moon_illumination": 58,
                    "is_moon_up": 0,
                    "is_sun_up": 0
                },
                "hour": [
                    {
                        "time_epoch": 1727150400,
                        "time": "2024-09-24 00:00",
                        "temp_c": 18.1,
                        "temp_f": 64.5,
                        "is_day": 0,
                        "condition": {
                            "text": "Overcast ",
                            "icon": "//cdn.weatherapi.com/weather/64x64/night/122.png",
                            "code": 1009
                        },
                        "wind_mph": 8.5,
                        "wind_kph": 13.7,
                        "wind_degree": 47,
                        "wind_dir": "NE",
                        "pressure_mb": 1013,
                        "pressure_in": 29.91,
                        "precip_mm": 0,
                        "precip_in": 0,
                        "snow_cm": 0,
                        "humidity": 93,
                        "cloud": 100,
                        "feelslike_c": 18.1,
                        "feelslike_f": 64.5,
                        "windchill_c": 18.1,
                        "windchill_f": 64.5,
                        "heatindex_c": 18.1,
                        "heatindex_f": 64.5,
                        "dewpoint_c": 16.9,
                        "dewpoint_f": 62.3,
                        "will_it_rain": 0,
                        "chance_of_rain": 0,
                        "will_it_snow": 0,
                        "chance_of_snow": 0,
                        "vis_km": 10,
                        "vis_miles": 6,
                        "gust_mph": 11.7,
                        "gust_kph": 18.9,
                        "uv": 0
                    },
                    {
                        "time_epoch": 1727154000,
                        "time": "2024-09-24 01:00",
                        "temp_c": 17.9,
                        "temp_f": 64.3,
                        "is_day": 0,
                        "condition": {
                            "text": "Overcast ",
                            "icon": "//cdn.weatherapi.com/weather/64x64/night/122.png",
                            "code": 1009
                        },
                        "wind_mph": 8.1,
                        "wind_kph": 13,
                        "wind_degree": 51,
                        "wind_dir": "NE",
                        "pressure_mb": 1013,
                        "pressure_in": 29.9,
                        "precip_mm": 0,
                        "precip_in": 0,
                        "snow_cm": 0,
                        "humidity": 93,
                        "cloud": 100,
                        "feelslike_c": 17.9,
                        "feelslike_f": 64.3,
                        "windchill_c": 17.9,
                        "windchill_f": 64.3,
                        "heatindex_c": 17.9,
                        "heatindex_f": 64.3,
                        "dewpoint_c": 16.8,
                        "dewpoint_f": 62.3,
                        "will_it_rain": 0,
                        "chance_of_rain": 0,
                        "will_it_snow": 0,
                        "chance_of_snow": 0,
                        "vis_km": 10,
                        "vis_miles": 6,
                        "gust_mph": 11.2,
                        "gust_kph": 18,
                        "uv": 0
                    },
                    {
                        "time_epoch": 1727157600,
                        "time": "2024-09-24 02:00",
                        "temp_c": 17.9,
                        "temp_f": 64.2,
                        "is_day": 0,
                        "condition": {
                            "text": "Overcast ",
                            "icon": "//cdn.weatherapi.com/weather/64x64/night/122.png",
                            "code": 1009
                        },
                        "wind_mph": 6.5,
                        "wind_kph": 10.4,
                        "wind_degree": 52,
                        "wind_dir": "NE",
                        "pressure_mb": 1013,
                        "pressure_in": 29.9,
                        "precip_mm": 0,
                        "precip_in": 0,
                        "snow_cm": 0,
                        "humidity": 94,
                        "cloud": 100,
                        "feelslike_c": 17.9,
                        "feelslike_f": 64.2,
                        "windchill_c": 17.9,
                        "windchill_f": 64.2,
                        "heatindex_c": 17.9,
                        "heatindex_f": 64.2,
                        "dewpoint_c": 16.9,
                        "dewpoint_f": 62.3,
                        "will_it_rain": 0,
                        "chance_of_rain": 0,
                        "will_it_snow": 0,
                        "chance_of_snow": 0,
                        "vis_km": 10,
                        "vis_miles": 6,
                        "gust_mph": 8.9,
                        "gust_kph": 14.4,
                        "uv": 0
                    },
                    {
                        "time_epoch": 1727161200,
                        "time": "2024-09-24 03:00",
                        "temp_c": 17.8,
                        "temp_f": 64,
                        "is_day": 0,
                        "condition": {
                            "text": "Overcast ",
                            "icon": "//cdn.weatherapi.com/weather/64x64/night/122.png",
                            "code": 1009
                        },
                        "wind_mph": 4.9,
                        "wind_kph": 7.9,
                        "wind_degree": 51,
                        "wind_dir": "NE",
                        "pressure_mb": 1013,
                        "pressure_in": 29.91,
                        "precip_mm": 0,
                        "precip_in": 0,
                        "snow_cm": 0,
                        "humidity": 95,
                        "cloud": 100,
                        "feelslike_c": 17.8,
                        "feelslike_f": 64,
                        "windchill_c": 17.8,
                        "windchill_f": 64,
                        "heatindex_c": 17.8,
                        "heatindex_f": 64,
                        "dewpoint_c": 17,
                        "dewpoint_f": 62.6,
                        "will_it_rain": 0,
                        "chance_of_rain": 0,
                        "will_it_snow": 0,
                        "chance_of_snow": 0,
                        "vis_km": 10,
                        "vis_miles": 6,
                        "gust_mph": 6.9,
                        "gust_kph": 11.1,
                        "uv": 0
                    },
                    {
                        "time_epoch": 1727164800,
                        "time": "2024-09-24 04:00",
                        "temp_c": 17.8,
                        "temp_f": 64,
                        "is_day": 0,
                        "condition": {
                            "text": "Overcast ",
                            "icon": "//cdn.weatherapi.com/weather/64x64/night/122.png",
                            "code": 1009
                        },
                        "wind_mph": 3.4,
                        "wind_kph": 5.4,
                        "wind_degree": 39,
                        "wind_dir": "NE",
                        "pressure_mb": 1013,
                        "pressure_in": 29.91,
                        "precip_mm": 0,
                        "precip_in": 0,
                        "snow_cm": 0,
                        "humidity": 96,
                        "cloud": 100,
                        "feelslike_c": 17.8,
                        "feelslike_f": 64,
                        "windchill_c": 17.8,
                        "windchill_f": 64,
                        "heatindex_c": 17.8,
                        "heatindex_f": 64,
                        "dewpoint_c": 17,
                        "dewpoint_f": 62.7,
                        "will_it_rain": 0,
                        "chance_of_rain": 0,
                        "will_it_snow": 0,
                        "chance_of_snow": 0,
                        "vis_km": 10,
                        "vis_miles": 6,
                        "gust_mph": 4.8,
                        "gust_kph": 7.7,
                        "uv": 0
                    },
                    {
                        "time_epoch": 1727168400,
                        "time": "2024-09-24 05:00",
                        "temp_c": 17.9,
                        "temp_f": 64.2,
                        "is_day": 0,
                        "condition": {
                            "text": "Overcast ",
                            "icon": "//cdn.weatherapi.com/weather/64x64/night/122.png",
                            "code": 1009
                        },
                        "wind_mph": 5.4,
                        "wind_kph": 8.6,
                        "wind_degree": 67,
                        "wind_dir": "ENE",
                        "pressure_mb": 1012,
                        "pressure_in": 29.9,
                        "precip_mm": 0,
                        "precip_in": 0,
                        "snow_cm": 0,
                        "humidity": 96,
                        "cloud": 100,
                        "feelslike_c": 17.9,
                        "feelslike_f": 64.2,
                        "windchill_c": 17.9,
                        "windchill_f": 64.2,
                        "heatindex_c": 17.9,
                        "heatindex_f": 64.2,
                        "dewpoint_c": 17.2,
                        "dewpoint_f": 62.9,
                        "will_it_rain": 0,
                        "chance_of_rain": 0,
                        "will_it_snow": 0,
                        "chance_of_snow": 0,
                        "vis_km": 10,
                        "vis_miles": 6,
                        "gust_mph": 7.8,
                        "gust_kph": 12.6,
                        "uv": 0
                    },
                    {
                        "time_epoch": 1727172000,
                        "time": "2024-09-24 06:00",
                        "temp_c": 18,
                        "temp_f": 64.5,
                        "is_day": 0,
                        "condition": {
                            "text": "Overcast ",
                            "icon": "//cdn.weatherapi.com/weather/64x64/night/122.png",
                            "code": 1009
                        },
                        "wind_mph": 4.9,
                        "wind_kph": 7.9,
                        "wind_degree": 90,
                        "wind_dir": "E",
                        "pressure_mb": 1013,
                        "pressure_in": 29.91,
                        "precip_mm": 0,
                        "precip_in": 0,
                        "snow_cm": 0,
                        "humidity": 97,
                        "cloud": 100,
                        "feelslike_c": 18,
                        "feelslike_f": 64.5,
                        "windchill_c": 18,
                        "windchill_f": 64.5,
                        "heatindex_c": 18,
                        "heatindex_f": 64.5,
                        "dewpoint_c": 17.4,
                        "dewpoint_f": 63.4,
                        "will_it_rain": 0,
                        "chance_of_rain": 0,
                        "will_it_snow": 0,
                        "chance_of_snow": 0,
                        "vis_km": 10,
                        "vis_miles": 6,
                        "gust_mph": 7.2,
                        "gust_kph": 11.7,
                        "uv": 0
                    },
                    {
                        "time_epoch": 1727175600,
                        "time": "2024-09-24 07:00",
                        "temp_c": 18.3,
                        "temp_f": 64.9,
                        "is_day": 0,
                        "condition": {
                            "text": "Overcast ",
                            "icon": "//cdn.weatherapi.com/weather/64x64/night/122.png",
                            "code": 1009
                        },
                        "wind_mph": 4.9,
                        "wind_kph": 7.9,
                        "wind_degree": 110,
                        "wind_dir": "ESE",
                        "pressure_mb": 1013,
                        "pressure_in": 29.92,
                        "precip_mm": 0,
                        "precip_in": 0,
                        "snow_cm": 0,
                        "humidity": 97,
                        "cloud": 100,
                        "feelslike_c": 18.3,
                        "feelslike_f": 64.9,
                        "windchill_c": 18.3,
                        "windchill_f": 64.9,
                        "heatindex_c": 18.3,
                        "heatindex_f": 64.9,
                        "dewpoint_c": 17.7,
                        "dewpoint_f": 63.8,
                        "will_it_rain": 0,
                        "chance_of_rain": 0,
                        "will_it_snow": 0,
                        "chance_of_snow": 0,
                        "vis_km": 10,
                        "vis_miles": 6,
                        "gust_mph": 7.2,
                        "gust_kph": 11.6,
                        "uv": 0
                    },
                    {
                        "time_epoch": 1727179200,
                        "time": "2024-09-24 08:00",
                        "temp_c": 18.5,
                        "temp_f": 65.4,
                        "is_day": 1,
                        "condition": {
                            "text": "Light rain shower",
                            "icon": "//cdn.weatherapi.com/weather/64x64/day/353.png",
                            "code": 1240
                        },
                        "wind_mph": 6.7,
                        "wind_kph": 10.8,
                        "wind_degree": 123,
                        "wind_dir": "ESE",
                        "pressure_mb": 1013,
                        "pressure_in": 29.92,
                        "precip_mm": 1.44,
                        "precip_in": 0.06,
                        "snow_cm": 0,
                        "humidity": 95,
                        "cloud": 100,
                        "feelslike_c": 18.5,
                        "feelslike_f": 65.4,
                        "windchill_c": 18.5,
                        "windchill_f": 65.4,
                        "heatindex_c": 18.5,
                        "heatindex_f": 65.4,
                        "dewpoint_c": 17.6,
                        "dewpoint_f": 63.7,
                        "will_it_rain": 1,
                        "chance_of_rain": 100,
                        "will_it_snow": 0,
                        "chance_of_snow": 0,
                        "vis_km": 10,
                        "vis_miles": 6,
                        "gust_mph": 9.7,
                        "gust_kph": 15.6,
                        "uv": 4
                    },
                    {
                        "time_epoch": 1727182800,
                        "time": "2024-09-24 09:00",
                        "temp_c": 18.6,
                        "temp_f": 65.4,
                        "is_day": 1,
                        "condition": {
                            "text": "Thundery outbreaks in nearby",
                            "icon": "//cdn.weatherapi.com/weather/64x64/day/200.png",
                            "code": 1087
                        },
                        "wind_mph": 8.9,
                        "wind_kph": 14.4,
                        "wind_degree": 131,
                        "wind_dir": "SE",
                        "pressure_mb": 1013,
                        "pressure_in": 29.92,
                        "precip_mm": 0,
                        "precip_in": 0,
                        "snow_cm": 0,
                        "humidity": 89,
                        "cloud": 100,
                        "feelslike_c": 18.6,
                        "feelslike_f": 65.4,
                        "windchill_c": 18.6,
                        "windchill_f": 65.4,
                        "heatindex_c": 18.6,
                        "heatindex_f": 65.4,
                        "dewpoint_c": 16.9,
                        "dewpoint_f": 62.4,
                        "will_it_rain": 0,
                        "chance_of_rain": 0,
                        "will_it_snow": 0,
                        "chance_of_snow": 0,
                        "vis_km": 10,
                        "vis_miles": 6,
                        "gust_mph": 12.7,
                        "gust_kph": 20.4,
                        "uv": 4
                    },
                    {
                        "time_epoch": 1727186400,
                        "time": "2024-09-24 10:00",
                        "temp_c": 18.7,
                        "temp_f": 65.7,
                        "is_day": 1,
                        "condition": {
                            "text": "Overcast ",
                            "icon": "//cdn.weatherapi.com/weather/64x64/day/122.png",
                            "code": 1009
                        },
                        "wind_mph": 9.2,
                        "wind_kph": 14.8,
                        "wind_degree": 133,
                        "wind_dir": "SE",
                        "pressure_mb": 1014,
                        "pressure_in": 29.94,
                        "precip_mm": 0,
                        "precip_in": 0,
                        "snow_cm": 0,
                        "humidity": 85,
                        "cloud": 100,
                        "feelslike_c": 18.7,
                        "feelslike_f": 65.7,
                        "windchill_c": 18.7,
                        "windchill_f": 65.7,
                        "heatindex_c": 18.7,
                        "heatindex_f": 65.7,
                        "dewpoint_c": 16.1,
                        "dewpoint_f": 60.9,
                        "will_it_rain": 0,
                        "chance_of_rain": 0,
                        "will_it_snow": 0,
                        "chance_of_snow": 0,
                        "vis_km": 10,
                        "vis_miles": 6,
                        "gust_mph": 12.7,
                        "gust_kph": 20.4,
                        "uv": 4
                    },
                    {
                        "time_epoch": 1727190000,
                        "time": "2024-09-24 11:00",
                        "temp_c": 19,
                        "temp_f": 66.2,
                        "is_day": 1,
                        "condition": {
                            "text": "Overcast ",
                            "icon": "//cdn.weatherapi.com/weather/64x64/day/122.png",
                            "code": 1009
                        },
                        "wind_mph": 8.5,
                        "wind_kph": 13.7,
                        "wind_degree": 137,
                        "wind_dir": "SE",
                        "pressure_mb": 1014,
                        "pressure_in": 29.94,
                        "precip_mm": 0,
                        "precip_in": 0,
                        "snow_cm": 0,
                        "humidity": 83,
                        "cloud": 99,
                        "feelslike_c": 19,
                        "feelslike_f": 66.2,
                        "windchill_c": 19,
                        "windchill_f": 66.2,
                        "heatindex_c": 19,
                        "heatindex_f": 66.2,
                        "dewpoint_c": 15.9,
                        "dewpoint_f": 60.6,
                        "will_it_rain": 0,
                        "chance_of_rain": 0,
                        "will_it_snow": 0,
                        "chance_of_snow": 0,
                        "vis_km": 2,
                        "vis_miles": 1,
                        "gust_mph": 11.4,
                        "gust_kph": 18.4,
                        "uv": 4
                    },
                    {
                        "time_epoch": 1727193600,
                        "time": "2024-09-24 12:00",
                        "temp_c": 19.3,
                        "temp_f": 66.7,
                        "is_day": 1,
                        "condition": {
                            "text": "Overcast ",
                            "icon": "//cdn.weatherapi.com/weather/64x64/day/122.png",
                            "code": 1009
                        },
                        "wind_mph": 8.3,
                        "wind_kph": 13.3,
                        "wind_degree": 144,
                        "wind_dir": "SE",
                        "pressure_mb": 1014,
                        "pressure_in": 29.93,
                        "precip_mm": 0,
                        "precip_in": 0,
                        "snow_cm": 0,
                        "humidity": 80,
                        "cloud": 100,
                        "feelslike_c": 19.3,
                        "feelslike_f": 66.7,
                        "windchill_c": 19.3,
                        "windchill_f": 66.7,
                        "heatindex_c": 19.3,
                        "heatindex_f": 66.7,
                        "dewpoint_c": 15.8,
                        "dewpoint_f": 60.4,
                        "will_it_rain": 0,
                        "chance_of_rain": 0,
                        "will_it_snow": 0,
                        "chance_of_snow": 0,
                        "vis_km": 2,
                        "vis_miles": 1,
                        "gust_mph": 11.4,
                        "gust_kph": 18.4,
                        "uv": 4
                    },
                    {
                        "time_epoch": 1727197200,
                        "time": "2024-09-24 13:00",
                        "temp_c": 19.2,
                        "temp_f": 66.6,
                        "is_day": 1,
                        "condition": {
                            "text": "Overcast",
                            "icon": "//cdn.weatherapi.com/weather/64x64/day/122.png",
                            "code": 1009
                        },
                        "wind_mph": 7.2,
                        "wind_kph": 11.5,
                        "wind_degree": 136,
                        "wind_dir": "SE",
                        "pressure_mb": 1013,
                        "pressure_in": 29.92,
                        "precip_mm": 0,
                        "precip_in": 0,
                        "snow_cm": 0,
                        "humidity": 94,
                        "cloud": 100,
                        "feelslike_c": 19.4,
                        "feelslike_f": 66.9,
                        "windchill_c": 19.4,
                        "windchill_f": 66.9,
                        "heatindex_c": 19.4,
                        "heatindex_f": 66.9,
                        "dewpoint_c": 15.8,
                        "dewpoint_f": 60.5,
                        "will_it_rain": 0,
                        "chance_of_rain": 0,
                        "will_it_snow": 0,
                        "chance_of_snow": 0,
                        "vis_km": 14,
                        "vis_miles": 8,
                        "gust_mph": 10,
                        "gust_kph": 16.1,
                        "uv": 4
                    },
                    {
                        "time_epoch": 1727200800,
                        "time": "2024-09-24 14:00",
                        "temp_c": 18.5,
                        "temp_f": 65.3,
                        "is_day": 1,
                        "condition": {
                            "text": "Overcast ",
                            "icon": "//cdn.weatherapi.com/weather/64x64/day/122.png",
                            "code": 1009
                        },
                        "wind_mph": 8.5,
                        "wind_kph": 13.7,
                        "wind_degree": 139,
                        "wind_dir": "SE",
                        "pressure_mb": 1012,
                        "pressure_in": 29.9,
                        "precip_mm": 0,
                        "precip_in": 0,
                        "snow_cm": 0,
                        "humidity": 80,
                        "cloud": 100,
                        "feelslike_c": 18.5,
                        "feelslike_f": 65.3,
                        "windchill_c": 18.5,
                        "windchill_f": 65.3,
                        "heatindex_c": 18.5,
                        "heatindex_f": 65.3,
                        "dewpoint_c": 15.9,
                        "dewpoint_f": 60.7,
                        "will_it_rain": 0,
                        "chance_of_rain": 0,
                        "will_it_snow": 0,
                        "chance_of_snow": 0,
                        "vis_km": 10,
                        "vis_miles": 6,
                        "gust_mph": 11.8,
                        "gust_kph": 19,
                        "uv": 4
                    },
                    {
                        "time_epoch": 1727204400,
                        "time": "2024-09-24 15:00",
                        "temp_c": 17.8,
                        "temp_f": 64.1,
                        "is_day": 1,
                        "condition": {
                            "text": "Overcast ",
                            "icon": "//cdn.weatherapi.com/weather/64x64/day/122.png",
                            "code": 1009
                        },
                        "wind_mph": 8.9,
                        "wind_kph": 14.4,
                        "wind_degree": 145,
                        "wind_dir": "SE",
                        "pressure_mb": 1013,
                        "pressure_in": 29.9,
                        "precip_mm": 0,
                        "precip_in": 0,
                        "snow_cm": 0,
                        "humidity": 96,
                        "cloud": 100,
                        "feelslike_c": 17.8,
                        "feelslike_f": 64.1,
                        "windchill_c": 17.8,
                        "windchill_f": 64.1,
                        "heatindex_c": 17.8,
                        "heatindex_f": 64.1,
                        "dewpoint_c": 16.9,
                        "dewpoint_f": 62.5,
                        "will_it_rain": 0,
                        "chance_of_rain": 0,
                        "will_it_snow": 0,
                        "chance_of_snow": 0,
                        "vis_km": 9,
                        "vis_miles": 5,
                        "gust_mph": 12.6,
                        "gust_kph": 20.3,
                        "uv": 4
                    },
                    {
                        "time_epoch": 1727208000,
                        "time": "2024-09-24 16:00",
                        "temp_c": 17.5,
                        "temp_f": 63.5,
                        "is_day": 1,
                        "condition": {
                            "text": "Overcast ",
                            "icon": "//cdn.weatherapi.com/weather/64x64/day/122.png",
                            "code": 1009
                        },
                        "wind_mph": 10.5,
                        "wind_kph": 16.9,
                        "wind_degree": 137,
                        "wind_dir": "SE",
                        "pressure_mb": 1012,
                        "pressure_in": 29.87,
                        "precip_mm": 0,
                        "precip_in": 0,
                        "snow_cm": 0,
                        "humidity": 96,
                        "cloud": 100,
                        "feelslike_c": 17.5,
                        "feelslike_f": 63.5,
                        "windchill_c": 17.5,
                        "windchill_f": 63.5,
                        "heatindex_c": 17.5,
                        "heatindex_f": 63.5,
                        "dewpoint_c": 16.6,
                        "dewpoint_f": 61.9,
                        "will_it_rain": 0,
                        "chance_of_rain": 0,
                        "will_it_snow": 0,
                        "chance_of_snow": 0,
                        "vis_km": 9,
                        "vis_miles": 5,
                        "gust_mph": 14.6,
                        "gust_kph": 23.5,
                        "uv": 4
                    },
                    {
                        "time_epoch": 1727211600,
                        "time": "2024-09-24 17:00",
                        "temp_c": 17.3,
                        "temp_f": 63.2,
                        "is_day": 1,
                        "condition": {
                            "text": "Heavy rain",
                            "icon": "//cdn.weatherapi.com/weather/64x64/day/308.png",
                            "code": 1195
                        },
                        "wind_mph": 11.2,
                        "wind_kph": 18,
                        "wind_degree": 138,
                        "wind_dir": "SE",
                        "pressure_mb": 1011,
                        "pressure_in": 29.85,
                        "precip_mm": 10.97,
                        "precip_in": 0.43,
                        "snow_cm": 0,
                        "humidity": 97,
                        "cloud": 100,
                        "feelslike_c": 17.3,
                        "feelslike_f": 63.2,
                        "windchill_c": 17.3,
                        "windchill_f": 63.2,
                        "heatindex_c": 17.3,
                        "heatindex_f": 63.2,
                        "dewpoint_c": 16.6,
                        "dewpoint_f": 61.9,
                        "will_it_rain": 1,
                        "chance_of_rain": 100,
                        "will_it_snow": 0,
                        "chance_of_snow": 0,
                        "vis_km": 10,
                        "vis_miles": 6,
                        "gust_mph": 15.4,
                        "gust_kph": 24.8,
                        "uv": 4
                    },
                    {
                        "time_epoch": 1727215200,
                        "time": "2024-09-24 18:00",
                        "temp_c": 17.2,
                        "temp_f": 63,
                        "is_day": 1,
                        "condition": {
                            "text": "Overcast ",
                            "icon": "//cdn.weatherapi.com/weather/64x64/day/122.png",
                            "code": 1009
                        },
                        "wind_mph": 10.7,
                        "wind_kph": 17.3,
                        "wind_degree": 127,
                        "wind_dir": "SE",
                        "pressure_mb": 1011,
                        "pressure_in": 29.84,
                        "precip_mm": 0,
                        "precip_in": 0,
                        "snow_cm": 0,
                        "humidity": 98,
                        "cloud": 100,
                        "feelslike_c": 17.2,
                        "feelslike_f": 63,
                        "windchill_c": 17.2,
                        "windchill_f": 63,
                        "heatindex_c": 17.2,
                        "heatindex_f": 63,
                        "dewpoint_c": 16.9,
                        "dewpoint_f": 62.3,
                        "will_it_rain": 0,
                        "chance_of_rain": 0,
                        "will_it_snow": 0,
                        "chance_of_snow": 0,
                        "vis_km": 10,
                        "vis_miles": 6,
                        "gust_mph": 15,
                        "gust_kph": 24.1,
                        "uv": 4
                    },
                    {
                        "time_epoch": 1727218800,
                        "time": "2024-09-24 19:00",
                        "temp_c": 17.3,
                        "temp_f": 63.2,
                        "is_day": 1,
                        "condition": {
                            "text": "Overcast ",
                            "icon": "//cdn.weatherapi.com/weather/64x64/day/122.png",
                            "code": 1009
                        },
                        "wind_mph": 10.1,
                        "wind_kph": 16.2,
                        "wind_degree": 115,
                        "wind_dir": "ESE",
                        "pressure_mb": 1010,
                        "pressure_in": 29.83,
                        "precip_mm": 0,
                        "precip_in": 0,
                        "snow_cm": 0,
                        "humidity": 98,
                        "cloud": 100,
                        "feelslike_c": 17.3,
                        "feelslike_f": 63.2,
                        "windchill_c": 17.3,
                        "windchill_f": 63.2,
                        "heatindex_c": 17.3,
                        "heatindex_f": 63.2,
                        "dewpoint_c": 16.8,
                        "dewpoint_f": 62.2,
                        "will_it_rain": 0,
                        "chance_of_rain": 0,
                        "will_it_snow": 0,
                        "chance_of_snow": 0,
                        "vis_km": 10,
                        "vis_miles": 6,
                        "gust_mph": 14.2,
                        "gust_kph": 22.9,
                        "uv": 4
                    },
                    {
                        "time_epoch": 1727222400,
                        "time": "2024-09-24 20:00",
                        "temp_c": 17.5,
                        "temp_f": 63.4,
                        "is_day": 0,
                        "condition": {
                            "text": "Heavy rain",
                            "icon": "//cdn.weatherapi.com/weather/64x64/night/308.png",
                            "code": 1195
                        },
                        "wind_mph": 9.2,
                        "wind_kph": 14.8,
                        "wind_degree": 131,
                        "wind_dir": "SE",
                        "pressure_mb": 1010,
                        "pressure_in": 29.83,
                        "precip_mm": 35.31,
                        "precip_in": 1.39,
                        "snow_cm": 0,
                        "humidity": 98,
                        "cloud": 100,
                        "feelslike_c": 17.5,
                        "feelslike_f": 63.4,
                        "windchill_c": 17.5,
                        "windchill_f": 63.4,
                        "heatindex_c": 17.5,
                        "heatindex_f": 63.4,
                        "dewpoint_c": 17,
                        "dewpoint_f": 62.7,
                        "will_it_rain": 1,
                        "chance_of_rain": 100,
                        "will_it_snow": 0,
                        "chance_of_snow": 0,
                        "vis_km": 10,
                        "vis_miles": 6,
                        "gust_mph": 13.4,
                        "gust_kph": 21.6,
                        "uv": 0
                    },
                    {
                        "time_epoch": 1727226000,
                        "time": "2024-09-24 21:00",
                        "temp_c": 18,
                        "temp_f": 64.4,
                        "is_day": 0,
                        "condition": {
                            "text": "Overcast ",
                            "icon": "//cdn.weatherapi.com/weather/64x64/night/122.png",
                            "code": 1009
                        },
                        "wind_mph": 10.5,
                        "wind_kph": 16.9,
                        "wind_degree": 141,
                        "wind_dir": "SE",
                        "pressure_mb": 1010,
                        "pressure_in": 29.84,
                        "precip_mm": 0,
                        "precip_in": 0,
                        "snow_cm": 0,
                        "humidity": 92,
                        "cloud": 100,
                        "feelslike_c": 18,
                        "feelslike_f": 64.4,
                        "windchill_c": 18,
                        "windchill_f": 64.4,
                        "heatindex_c": 18,
                        "heatindex_f": 64.4,
                        "dewpoint_c": 16.4,
                        "dewpoint_f": 61.4,
                        "will_it_rain": 0,
                        "chance_of_rain": 0,
                        "will_it_snow": 0,
                        "chance_of_snow": 0,
                        "vis_km": 10,
                        "vis_miles": 6,
                        "gust_mph": 15.5,
                        "gust_kph": 25,
                        "uv": 0
                    },
                    {
                        "time_epoch": 1727229600,
                        "time": "2024-09-24 22:00",
                        "temp_c": 18.3,
                        "temp_f": 64.9,
                        "is_day": 0,
                        "condition": {
                            "text": "Overcast ",
                            "icon": "//cdn.weatherapi.com/weather/64x64/night/122.png",
                            "code": 1009
                        },
                        "wind_mph": 11.6,
                        "wind_kph": 18.7,
                        "wind_degree": 155,
                        "wind_dir": "SSE",
                        "pressure_mb": 1011,
                        "pressure_in": 29.84,
                        "precip_mm": 0,
                        "precip_in": 0,
                        "snow_cm": 0,
                        "humidity": 86,
                        "cloud": 97,
                        "feelslike_c": 18.3,
                        "feelslike_f": 64.9,
                        "windchill_c": 18.3,
                        "windchill_f": 64.9,
                        "heatindex_c": 18.3,
                        "heatindex_f": 64.9,
                        "dewpoint_c": 16.1,
                        "dewpoint_f": 61.1,
                        "will_it_rain": 0,
                        "chance_of_rain": 0,
                        "will_it_snow": 0,
                        "chance_of_snow": 0,
                        "vis_km": 10,
                        "vis_miles": 6,
                        "gust_mph": 16.9,
                        "gust_kph": 27.1,
                        "uv": 0
                    },
                    {
                        "time_epoch": 1727233200,
                        "time": "2024-09-24 23:00",
                        "temp_c": 18.4,
                        "temp_f": 65.1,
                        "is_day": 0,
                        "condition": {
                            "text": "Moderate rain",
                            "icon": "//cdn.weatherapi.com/weather/64x64/night/302.png",
                            "code": 1189
                        },
                        "wind_mph": 11.9,
                        "wind_kph": 19.1,
                        "wind_degree": 162,
                        "wind_dir": "SSE",
                        "pressure_mb": 1011,
                        "pressure_in": 29.84,
                        "precip_mm": 3.54,
                        "precip_in": 0.14,
                        "snow_cm": 0,
                        "humidity": 86,
                        "cloud": 98,
                        "feelslike_c": 18.4,
                        "feelslike_f": 65.1,
                        "windchill_c": 18.4,
                        "windchill_f": 65.1,
                        "heatindex_c": 18.4,
                        "heatindex_f": 65.1,
                        "dewpoint_c": 16.2,
                        "dewpoint_f": 61.2,
                        "will_it_rain": 1,
                        "chance_of_rain": 100,
                        "will_it_snow": 0,
                        "chance_of_snow": 0,
                        "vis_km": 10,
                        "vis_miles": 6,
                        "gust_mph": 17.2,
                        "gust_kph": 27.7,
                        "uv": 0
                    }
                ]
            }
        ]
    }
}